New York, NY, USA,20092883,40.71278,-74.00594Los Angeles, CA, USA,13262220,34.05223,-118.2437Chicago, IL, USA,9554598,41.87811,-87.6298Dallas, TX, USA,6954330,32.77666,-96.79699Houston, TX, USA,6490180,29.76043,-95.3698Philadelphia, PA, USA,6051170,39.95258,-75.16522Washington, DC, USA,6033737,38.90719,-77.03687Miami, FL, USA,5929819,25.76168,-80.19179Atlanta, GA, USA,5614323,33.749,-84.38799Boston, MA, USA,4732161,42.36008,-71.05888San Francisco, CA, USA,4594060,37.77493,-122.4194Phoenix, AZ, USA,4489109,33.44838,-112.074Ontario, CA, USA,4441890,34.06334,-117.6509Detroit, MI, USA,4296611,42.355979,-83.07501Seattle, WA, USA,3671478,47.61038,-122.2007Minneapolis, MN, USA,3495176,44.8817,-93.2041San Diego, CA, USA,3263431,32.71574,-117.1611Tampa, FL, USA,2915582,27.959803,-82.434933Saint Louis, MO, USA,2806207,38.627,-90.1994Baltimore, MD, USA,2785874,39.294933,-76.613035Denver, CO, USA,2754258,39.70471,-105.0814Charlotte, NC, USA,2380314,35.246947,-80.848792Pittsburgh, PA, USA,2355968,40.44062,-79.99589Portland, OR, USA,2348247,45.52306,-122.6765San Antonio, TX, USA,2328652,29.42412,-98.49363Orlando, FL, USA,2321418,28.518507,-81.396564Sacramento, CA, USA,2244397,38.577325,-121.495868Cincinnati, OH, USA,2149449,39.10312,-84.51202Kansas City, MO, USA,2071133,39.09973,-94.57857Las Vegas, NV, USA,2069681,36.08705,-115.138Cleveland, OH, USA,2063598,41.497852,-81.69229Columbus, OH, USA,1994536,39.96117,-82.99879Indianapolis, IN, USA,1971274,39.792968,-86.149902San Jose, CA, USA,1952872,37.341364,-121.887726Austin, TX, USA,1943299,30.26715,-97.74306Nashville, TN, USA,1792649,36.09451,-86.65364Virginia Beach, VA, USA,1716624,36.85293,-75.97798Providence, RI, USA,1609367,41.82399,-71.41283Milwaukee, WI, USA,1572245,43.01668,-88.00703Jacksonville, FL, USA,1419127,30.33218,-81.65565Memphis, TN, USA,1343230,35.14954,-90.04898Oklahoma City, OK, USA,1336767,35.46756,-97.51643Louisville, KY, USA,1269702,38.25267,-85.75845Richmond, VA, USA,1260029,37.54073,-77.43605New Orleans, LA, USA,1251849,29.95107,-90.07153Raleigh, NC, USA,1242974,35.77959,-78.63818Hartford, CT, USA,1214295,41.76371,-72.6851Salt Lake City, UT, USA,1153340,40.76078,-111.891Birmingham, AL, USA,1143772,33.33896,-86.85169Buffalo, NY, USA,1136360,42.88645,-78.87837Rochester, NY, USA,1083393,43.16103,-77.61092Grand Rapids, MI, USA,1027703,42.96336,-85.66808Tucson, AZ, USA,1004516,32.22174,-110.9265Tulsa, OK, USA,969224,36.15398,-95.99277Fresno, CA, USA,965974,36.74684,-119.7726Bridgeport, CT, USA,945438,41.18655,-73.19518Worcester, MA, USA,930473,42.26259,-71.80229Albuquerque, NM, USA,904587,35.08533,-106.6056Omaha, NE, USA,904421,41.25237,-95.99799Albany, NY, USA,880167,42.65258,-73.75623Bakersfield, CA, USA,874589,35.37329,-119.0187Greenville, SC, USA,862463,34.85262,-82.39401New Haven, CT, USA,861277,41.30827,-72.92789Knoxville, TN, USA,857585,35.96064,-83.92074Oxnard, CA, USA,846178,34.19751,-119.1771El Paso, TX, USA,836698,31.77758,-106.4425McAllen, TX, USA,831073,26.20341,-98.23001Allentown, PA, USA,829835,40.60843,-75.49018Baton Rouge, LA, USA,825478,30.45828,-91.14032Dayton, OH, USA,800836,39.75895,-84.1916Columbia, SC, USA,800495,34.00071,-81.03481North Port, FL, USA,748708,27.04422,-82.23592Greensboro, NC, USA,746593,36.07264,-79.79198Little Rock, AR, USA,729135,34.74648,-92.2896Charleston, SC, USA,727689,32.77647,-79.93105Stockton, CA, USA,715597,37.9577,-121.2908Akron, OH, USA,703825,41.08144,-81.519Colorado Springs, CO, USA,686908,38.83388,-104.8214Cape Coral, FL, USA,679513,26.56285,-81.94953Boise, ID, USA,664422,43.61871,-116.2146Syracuse, NY, USA,661478,43.04812,-76.14742Winston, NC, USA,655015,36.10397,-80.25443Wichita, KS, USA,641076,37.68889,-97.33611Lakeland, FL, USA,634638,28.03946,-81.94981Madison, WI, USA,633787,43.07305,-89.40123Ogden, UT, USA,632293,41.223,-111.9738Springfield, MA, USA,629100,42.10148,-72.58981Des Moines, IA, USA,611549,41.60054,-93.60911Deltona, FL, USA,609939,28.90055,-81.26367Toledo, OH, USA,607456,41.66394,-83.55521Augusta, GA, USA,583632,33.4735,-82.01051Jackson, MS, USA,577564,32.29876,-90.18481Provo, UT, USA,571460,40.28014,-111.7255Harrisburg, PA, USA,560849,40.24276,-76.83728Scranton, PA, USA,559679,41.40897,-75.66241Palm Bay, FL, USA,556885,28.028317,-80.589509Youngstown, OH, USA,553263,41.09978,-80.64952Chattanooga, TN, USA,544559,35.04563,-85.30968Durham, NC, USA,542710,35.9132,-79.05585Spokane, WA, USA,540953,47.655615,-117.40803Lancaster, PA, USA,533320,40.03788,-76.30551Modesto, CA, USA,531997,37.6391,-120.9969Portland, ME, USA,523552,43.63186,-70.2928Fayetteville, AR, USA,501653,36.06258,-94.15742Santa Rosa, CA, USA,500292,38.44043,-122.7141Lexington, KY, USA,494189,38.04058,-84.50372Lafayette, LA, USA,484974,30.22409,-92.01984Pensacola, FL, USA,474081,30.42131,-87.21691Lansing, MI, USA,470458,42.73254,-84.55553Visalia, CA, USA,458198,36.327464,-119.293263Springfield, MO, USA,452297,37.20896,-93.2923Corpus Christi, TX, USA,448108,27.80058,-97.39638Shreveport, LA, USA,445142,32.52515,-93.75018Port Saint Lucie, FL, USA,444420,27.27305,-80.35822Reno, NV, USA,443990,39.52963,-119.8138Asheville, NC, USA,442316,35.59506,-82.55148Huntsville, AL, USA,441086,34.73037,-86.58611Hanover, PA, USA,440755,39.80066,-76.98303Santa Maria, CA, USA,440668,34.95303,-120.4357Salinas, CA, USA,431344,36.67774,-121.6555Vallejo, CA, USA,431131,38.109789,-122.252634Fort Wayne, IN, USA,427183,41.07927,-85.13935Killeen, TX, USA,424858,31.12984,-97.72583Brownsville, TX, USA,420392,25.97285,-97.51231Myrtle Beach, SC, USA,417668,33.68906,-78.8867Mobile, AL, USA,415123,30.69537,-88.03989Reading, PA, USA,413691,40.33565,-75.92687Flint, MI, USA,412895,43.01253,-83.68745Beaumont, TX, USA,405427,29.95083,-94.02069Manchester, NH, USA,405184,42.991285,-71.457372Salem, OR, USA,404026,44.9429,-123.0351Canton, OH, USA,403923,40.91545,-81.44149Salisbury, MD, USA,389922,38.36067,-75.59937Gulfport, MS, USA,386144,30.36576,-88.55613Davenport, IA, USA,383030,41.52364,-90.57764Peoria, IL, USA,380040,40.69365,-89.58899Fayetteville, NC, USA,377939,35.05267,-78.87836Tallahassee, FL, USA,375751,30.43826,-84.28073Montgomery, AL, USA,373141,32.36681,-86.29997Savannah, GA, USA,372708,32.08354,-81.09983Trenton, NJ, USA,371537,40.21705,-74.74294Huntington, WV, USA,363325,38.41925,-82.44515Hickory, NC, USA,362896,35.70451,-81.35855Eugene, OR, USA,358337,44.05207,-123.0868Ann Arbor, MI, USA,356874,42.28083,-83.74303Naples, FL, USA,348777,26.153064,-81.796677Rockford, IL, USA,342411,42.27113,-89.09399Ocala, FL, USA,339167,29.1872,-82.14009Portage, MI, USA,334017,42.20115,-85.58Fort Collins, CO, USA,324122,40.58526,-105.0844Spartanburg, SC, USA,321418,34.94957,-81.93204South Bend, IN, USA,319226,41.67635,-86.25199Lincoln, NE, USA,318945,40.82576,-96.6852Evansville, IN, USA,315162,37.97156,-87.57109Green Bay, WI, USA,314531,44.51916,-88.01983Columbus, GA, USA,314005,32.46098,-84.98771Roanoke, VA, USA,313388,37.27097,-79.94143Boulder, CO, USA,313333,40.01498,-105.2705Kingsport, TN, USA,308079,36.54844,-82.56182Lubbock, TX, USA,305644,33.57786,-101.8552Utica, NY, USA,296615,43.117168,-75.226741Duluth, MN, USA,280218,46.78667,-92.10049Fort Smith, AR, USA,279592,35.38593,-94.39854San Luis Obispo, CA, USA,279083,35.28275,-120.6596Erie, PA, USA,278443,42.12922,-80.08506Clarksville, TN, USA,278353,36.52977,-87.35945Greeley, CO, USA,277670,40.42331,-104.7091Atlantic City, NJ, USA,275209,39.361685,-74.439100Kennewick, WA, USA,274295,46.21125,-119.1372Norwich, CT, USA,273676,41.52427,-72.07591Gainesville, FL, USA,273377,29.65163,-82.32483Wilmington, NC, USA,272548,34.22573,-77.94471Santa Cruz, CA, USA,271804,36.986115,-122.024456Laredo, TX, USA,266673,27.53057,-99.48032Merced, CA, USA,266353,37.30216,-120.483Olympia, WA, USA,265851,46.9748,-122.8976Cedar Rapids, IA, USA,263885,41.97788,-91.66563Waco, TX, USA,260430,31.54933,-97.14667Hagerstown, MD, USA,260070,39.64176,-77.71999Amarillo, TX, USA,259885,35.222,-101.8313Crestview, FL, USA,258042,30.75418,-86.5728Lynchburg, VA, USA,257835,37.41375,-79.14225Bremerton, WA, USA,254183,47.56732,-122.6329Sioux Falls, SD, USA,248351,43.5446,-96.7311Yakima, WA, USA,247687,46.60207,-120.5059Binghamton, NY, USA,247219,42.09869,-75.91798College Station, TX, USA,242905,30.62798,-96.3344Tuscaloosa, AL, USA,237761,33.20984,-87.56918Champaign, IL, USA,237252,40.11059,-88.20727Topeka, KS, USA,233758,39.05582,-95.68902Appleton, WI, USA,231497,44.26193,-88.41538Macon, GA, USA,230450,32.84069,-83.6324Fargo, ND, USA,228291,46.87719,-96.7898Charlottesville, VA, USA,226968,38.0293,-78.47668Chico, CA, USA,224241,39.72849,-121.8375Charleston, WV, USA,222878,38.34982,-81.63262Prescott, AZ, USA,218844,34.54002,-112.4685Tyler, TX, USA,218842,32.35126,-95.30106Claremont, NH, USA,217634,43.2911,-72.39404Longview, TX, USA,217481,32.5007,-94.74049Burlington, VT, USA,216167,44.4707,-73.1516Barnstable, MA, USA,214914,41.70032,-70.3002Las Cruces, NM, USA,213676,32.31994,-106.7637Rochester, MN, USA,212778,44.01212,-92.4802Lafayette, IN, USA,211697,40.414288,-86.875602Springfield, IL, USA,211567,39.78172,-89.65015Thibodaux, LA, USA,211348,29.79576,-90.82287Medford, OR, USA,210287,42.32652,-122.8756Bellingham, WA, USA,208351,48.74908,-122.4781Florence, SC, USA,207030,34.19543,-79.76257Lake Charles, LA, USA,203883,30.22659,-93.21738Kingman, AZ, USA,203361,35.18944,-114.053Yuma, AZ, USA,203247,32.69265,-114.6277Hilton Head Island, SC, USA,203022,32.23387,-80.8047Goshen, IN, USA,201971,41.58227,-85.83443Johnson City, TN, USA,201091,36.31344,-82.35347Foley, AL, USA,200111,30.40659,-87.68359Athens, GA, USA,199016,33.95193,-83.35757Racine, WI, USA,195163,42.72613,-87.78285Saginaw, MI, USA,195012,43.41947,-83.95081Panama City, FL, USA,194929,30.15881,-85.6602Saint Cloud, MN, USA,192418,45.55795,-94.16324Gainesville, GA, USA,190761,34.29788,-83.82407Bloomington, IL, USA,190345,40.4842,-88.99369Jacksonville, NC, USA,187589,34.75405,-77.43024Warner Robins, GA, USA,187516,32.613,-83.6242Torrington, CT, USA,184993,41.8003,-73.12117Radford, VA, USA,181605,37.1705,-80.5189Kingston, NY, USA,180445,41.92704,-73.99736Redding, CA, USA,179804,40.58654,-122.3917El Centro, CA, USA,179091,32.792,-115.563Monroe, LA, USA,178864,32.50931,-92.1193Joplin, MO, USA,176141,37.08423,-94.51328Greenville, NC, USA,175354,35.61266,-77.36636Columbia, MO, USA,172717,38.95171,-92.33408Muskegon, MI, USA,172344,43.23418,-86.24839Dover, DE, USA,171987,39.15817,-75.52437Terre Haute, IN, USA,171480,39.4667,-87.41391Redmond, OR, USA,170388,44.25319,-121.1504Cedar Falls, IA, USA,169993,42.52039,-92.43537Yuba City, CA, USA,169813,39.14045,-121.6169Neenah, WI, USA,169511,44.2004,-88.51785Sioux City, IA, USA,168806,42.49999,-96.40031Abilene, TX, USA,168592,32.44874,-99.73315Punta Gorda, FL, USA,168474,26.92978,-82.04536Billings, MT, USA,166885,45.78329,-108.5007East Stroudsburg, PA, USA,166314,40.99954,-75.18129Bowling Green, KY, USA,165732,36.96852,-86.4808Eau Claire, WI, USA,165024,44.81135,-91.4985Iowa City, IA, USA,164357,41.66113,-91.53017Bloomington, IN, USA,164308,39.16533,-86.52638Pueblo, CO, USA,161875,38.25445,-104.6091Midland, TX, USA,161290,31.99734,-102.0779Beloit, WI, USA,161188,42.49829,-88.96899Jackson, MI, USA,159741,42.24587,-84.40134State College, PA, USA,158742,40.7934,-77.86Bridgeton, NJ, USA,157389,39.47076,-75.13848Burlington, NC, USA,155792,36.09569,-79.4378Benton Harbor, MI, USA,155233,42.10436,-86.44536Albany, GA, USA,154925,31.57851,-84.15574Alexandria, LA, USA,154872,31.31129,-92.44514Madera, CA, USA,154548,36.96133,-120.0607Auburn, AL, USA,154255,32.61377,-85.43526Odessa, TX, USA,153904,31.84568,-102.3676Bangor, ME, USA,153414,44.80118,-68.77782Decatur, AL, USA,153084,34.60593,-86.98335Waynesboro, PA, USA,152892,39.7539,-77.57511St. George, UT, USA,151948,37.09653,-113.5684Fort Knox, KY, USA,151585,37.9161,-85.95625Wichita Falls, TX, USA,151536,33.91371,-98.49339Peru, IL, USA,150895,41.345119,-89.104618Jefferson City, MO, USA,150866,38.5767,-92.17352Corcoran, CA, USA,150269,36.09801,-119.5604Monroe, MI, USA,149824,41.91644,-83.39771Rocky Mount, NC, USA,149290,35.93821,-77.79053Texarkana, TX, USA,149235,33.42513,-94.04769Hattiesburg, MS, USA,148656,31.32712,-89.29034Grand Junction, CO, USA,148255,39.06387,-108.5507Santa Fe, NM, USA,148164,35.68697,-105.9378Dothan, AL, USA,148095,31.22323,-85.39049Florence, AL, USA,147639,34.81486,-87.64266Traverse City, MI, USA,147610,44.76306,-85.62063Coeur d'Alene, ID, USA,147326,47.67768,-116.7805Concord, NH, USA,147171,43.20814,-71.53757Pottsville, PA, USA,145797,40.68565,-76.1955Wheeling, WV, USA,145205,40.06396,-80.72092Sebastian, FL, USA,144755,27.8136,-80.49333Rapid City, SD, USA,143638,44.08054,-103.231Valdosta, GA, USA,143317,30.8327,-83.27849Dalton, GA, USA,142952,34.7698,-84.97022Napa, CA, USA,141667,38.29754,-122.2869Tupelo, MS, USA,139723,34.25761,-88.70338Homosassa Springs, FL, USA,139377,28.80371,-82.57613Idaho Falls, ID, USA,138266,43.49165,-112.034Johnstown, PA, USA,137732,40.32674,-78.92197Flagstaff, AZ, USA,137682,35.19828,-111.6513Morgantown, WV, USA,137251,39.62952,-79.95589Onalaska, WI, USA,136749,43.88441,-91.23514Springfield, OH, USA,136554,39.92422,-83.80882Lebanon, PA, USA,136359,40.34092,-76.41135Wausau, WI, USA,135780,44.95914,-89.63012Battle Creek, MI, USA,134878,42.32115,-85.17971Fortuna, CA, USA,134809,40.59819,-124.1573Lumberton, NC, USA,134760,34.61822,-79.00864Winchester, VA, USA,133403,39.18566,-78.16334Fredonia, NY, USA,132053,42.44006,-79.33171Logan, UT, USA,131364,41.73698,-111.8338Lawton, OK, USA,131183,34.60357,-98.39593Harrisonburg, VA, USA,130649,38.44957,-78.86891Jackson, TN, USA,130225,35.61452,-88.81395Pittsfield, MA, USA,128715,42.45008,-73.24538New Bern, NC, USA,127534,35.10849,-77.04411Douglas , AZ, USA,127448,31.43151,-109.5168Saint Joseph, MO, USA,127431,39.76746,-94.84668Glens Falls, NY, USA,127345,43.30952,-73.644London, KY, USA,127316,37.12898,-84.08327Hammond, LA, USA,127049,30.50436,-90.4612Jonesboro, AR, USA,126764,35.8423,-90.70428Carbondale, IL, USA,126685,37.74414,-89.2137Dunn, NC, USA,126666,35.30627,-78.6089Bismarck, ND, USA,126597,46.80833,-100.7837Altoona, PA, USA,125955,40.51868,-78.39474Goldsboro, NC, USA,124456,35.38488,-77.99277Farmington, NM, USA,123785,36.72806,-108.2187Sherman, TX, USA,123534,33.722928,-96.583113Beckley, WV, USA,123373,37.77817,-81.18816Mansfield, OH, USA,121942,40.75839,-82.51545Weirton, WV, USA,121336,40.40918,-80.59236 Waterville, ME, USA,121112,44.52547,-69.64443Mount Vernon, WA, USA,120365,48.46597,-122.3248Waynesboro, VA, USA,119766,38.06847,-78.88947Cleveland, TN, USA,119705,35.15952,-84.87661Albany, OR, USA,119356,44.63651,-123.1059Watertown, NY, USA,119103,44.05584,-75.75954San Angelo, TX, USA,118182,31.46377,-100.437Muncie, IN, USA,117074,40.19338,-85.38636Lawrence, KS, USA,116585,38.97167,-95.23525Williamsport, PA, USA,116508,41.24119,-77.00108Owensboro, KY, USA,116506,37.77191,-87.11117Jacksonville, AL, USA,115916,33.82702,-85.76536Morristown, TN, USA,115713,36.21398,-83.29489Wooster, OH, USA,115537,40.80506,-81.93514Sheboygan, WI, USA,115290,43.75083,-87.71453Brunswick, GA, USA,114806,31.14995,-81.49149Wenatchee, WA, USA,114392,47.42346,-120.3103The Villages, FL, USA,114350,28.92702,-82.00376Holland, MI, USA,113847,42.78753,-86.10893Missoula, MT, USA,112684,46.87872,-113.9966Michigan City, IN, USA,111444,41.70754,-86.89503Massena, NY, USA,111400,44.9281,-74.89187Kankakee, IL, USA,111375,41.12003,-87.86115California, MD, USA,110382,38.3004,-76.50745Decatur, IL, USA,108350,39.84031,-88.9548Show Low, AZ, USA,108101,34.25421,-110.0298Sumter, SC, USA,107919,33.92044,-80.34147Cookeville, TN, USA,107761,36.16284,-85.50164Lewiston, ME, USA,107440,44.09395,-70.15829Roseburg, OR, USA,106972,43.2165,-123.3417Meridian, MS, USA,106201,32.36431,-88.70366Bay City, MI, USA,106179,43.59447,-83.88886Salem, OH, USA,105686,40.90089,-80.85675Bluefield, WV, USA,105237,37.26984,-81.22232Lima, OH, USA,105040,40.74255,-84.10522Danville, VA, USA,104827,36.58597,-79.39502Ithaca, NY, USA,104691,42.44396,-76.50188Berea, KY, USA,104166,37.64536,-84.28271Twin Falls, ID, USA,103732,42.56297,-114.4609Gadsden, AL, USA,103531,34.01426,-86.00664Whitewater, WI, USA,103527,42.82687,-88.70601Longview, WA, USA,102133,46.13817,-122.9382Grand Forks, ND, USA,101842,47.92526,-97.03285Fond du Lac, WI, USA,101759,43.77304,-88.44705Gettysburg, PA, USA,101714,39.83093,-77.23109Tullahoma, TN, USA,101344,35.38743,-86.15696Cumberland, MD, USA,100530,39.65287,-78.76252Ashtabula, OH, USA,99175,41.86506,-80.78981Adrian, MI, USA,99047,41.89755,-84.03716Grass Valley, CA, USA,98893,39.21906,-121.0611Victoria, TX, USA,98630,28.80527,-97.0036Mankato, MN, USA,98478,44.19814,-93.96744Corning, NY, USA,98394,42.14285,-77.05469Sebring, FL, USA,98236,27.49559,-81.44091Manhattan, KS, USA,98091,39.18361,-96.57167Cape Girardeau, MO, USA,97929,37.30589,-89.51815Paducah, KY, USA,97820,37.08339,-88.60004Hot Springs, AR, USA,97322,34.5037,-93.05518Bozeman, MT, USA,97308,45.677,-111.0429Shelby, NC, USA,97076,35.29235,-81.53564Cheyenne, WY, USA,96389,41.13998,-104.8202Dubuque, IA, USA,96370,42.50056,-90.66457Rome, GA, USA,96063,34.25704,-85.16467Ocean City, NJ, USA,95344,39.27761,-74.5746Sevierville, TN, USA,95110,35.86814,-83.56184Kalispell, MT, USA,94924,48.19199,-114.3168Pine Bluff, AR, USA,94716,34.22843,-92.0032Albertville, AL, USA,94636,34.26759,-86.20887Greenwood, SC, USA,94485,34.1954,-82.16179Clarksburg, WV, USA,94221,39.28064,-80.34454Ames, IA, USA,94073,42.03472,-93.62Sunbury, PA, USA,93944,40.86258,-76.79441Moses Lake, WA, USA,93147,47.13014,-119.2781Southern Pines, NC, USA,93077,35.17507,-79.3903Dover, OH, USA,92788,40.53461,-81.48734Sylacauga, AL, USA,92208,33.17317,-86.25164Vienna, WV, USA,92082,39.32702,-81.54845Brainerd, MN, USA,91824,46.35267,-94.20201Orangeburg, SC, USA,90090,33.49182,-80.85564New Castle, PA, USA,88771,41.00367,-80.34701Beaver Dam, WI, USA,88574,43.45777,-88.83733Hermiston, OR, USA,87892,45.90849,-119.105Ukiah, CA, USA,87869,39.15017,-123.2078Elmira, NY, USA,87770,42.0898,-76.80773Lufkin, TX, USA,87750,31.33824,-94.7291Indiana, PA, USA,87706,40.62146,-79.15253Meadville, PA, USA,87175,41.64145,-80.15145Corvallis, OR, USA,86316,44.56457,-123.262Zanesville, OH, USA,85818,39.94035,-82.01319Bloomsburg, PA, USA,85763,41.02674,-76.35857Branson, MO, USA,85334,36.64367,-93.21851Russellville, AR, USA,85152,35.27842,-93.13379Laurel, MS, USA,84891,31.69405,-89.13062Grand Island, NE, USA,84755,40.9264,-98.34201Fort Atkinson, WI, USA,84395,42.92889,-88.83705Huntsville, TX, USA,84013,30.72353,-95.55077Opelousas, LA, USA,83709,30.53353,-92.08151Grants Pass, OR, USA,83599,42.43901,-123.3284Midland, MI, USA,83427,43.61558,-84.24722Pocatello, ID, USA,83347,42.8713,-112.4455Kokomo, IN, USA,82982,40.48643,-86.13361Great Falls, MT, USA,82344,47.49418,-111.2833Hinesville, GA, USA,82311,31.84688,-81.59595Plattsburgh, NY, USA,81632,44.69949,-73.45291Casper, WY, USA,81624,42.86663,-106.3131Wilson, NC, USA,81401,35.72127,-77.91554Cullman, AL, USA,81289,34.17482,-86.84361DuBois, PA, USA,81191,41.12101,-78.75832Stillwater, OK, USA,80264,36.11561,-97.05836Columbus, IN, USA,80217,39.20144,-85.92138Manitowoc, WI, USA,80160,44.08861,-87.65759Danville, IL, USA,79728,40.12448,-87.63002Athens, TX, USA,79290,32.20487,-95.85552Oak Harbor, WA, USA,79275,48.29316,-122.6432Auburn, NY, USA,78823,42.93173,-76.56606Olean, NY, USA,78600,42.08364,-78.42992Searcy, AR, USA,78592,35.24682,-91.73369Warsaw, IN, USA,78564,41.2381,-85.85305Minot, ND, USA,77959,48.23297,-101.2923Helena, MT, USA,77414,46.58837,-112.0245Portsmouth, OH, USA,77258,38.73174,-82.99767Chillicothe, OH, USA,77159,39.33312,-82.9824Key West, FL, USA,77136,24.55506,-81.77998Quincy, IL, USA,77126,39.9356,-91.40987Somerset, PA, USA,76218,40.00841,-79.07809Keene, NH, USA,76115,42.93369,-72.27814Sandusky, OH, USA,75828,41.44894,-82.70796Findlay, OH, USA,75337,41.04422,-83.64993Seneca, SC, USA,75192,34.68565,-82.9532Centralia, WA, USA,75128,46.71621,-122.9543Glenwood Springs, CO, USA,75087,39.55054,-107.3248Gallup, NM, USA,74098,35.52808,-108.7426Marshfield, WI, USA,73608,44.66885,-90.1718Roanoke Rapids, NC, USA,73433,36.46154,-77.65414Mount Airy, NC, USA,72968,36.4993,-80.60728Port Angeles, WA, USA,72715,48.11814,-123.4307Palatka, FL, USA,72143,29.64858,-81.63758Statesboro, GA, USA,72087,32.44879,-81.78316Shawnee, OK, USA,71811,35.32729,-96.9253Frankfort, KY, USA,71768,38.2009,-84.87328Greenfield, MA, USA,70862,42.58791,-72.59941Aberdeen, WA, USA,70818,46.97537,-123.8157Mount Pleasant, MI, USA,70616,43.59781,-84.76752Stevens Point, WI, USA,70482,44.52358,-89.57456Hobbs, NM, USA,69999,32.70261,-103.136Muskogee, OK, USA,69966,35.74788,-95.36969LaGrange, GA, USA,69469,33.03622,-85.03224Owosso, MI, USA,68933,42.99781,-84.17664North Wilkesboro, NC, USA,68838,36.15847,-81.14758Morehead City, NC, USA,68811,34.72294,-76.72604Marion, IN, USA,68569,40.55837,-85.65914Greeneville, TN, USA,68335,36.16316,-82.83099Lake City, FL, USA,67857,30.18968,-82.63929Marquette, MI, USA,67676,46.54758,-87.39559Richmond, IN, USA,67671,39.82894,-84.89024Marshall, TX, USA,67336,32.54487,-94.36742Forest City, NC, USA,66600,35.33401,-81.8651Farmington, MO, USA,65960,37.78088,-90.42179Roswell, NM, USA,65878,33.39426,-104.523Martinsville, VA, USA,65792,36.69152,-79.87254Marion, OH, USA,65720,40.58867,-83.12852Klamath Falls, OR, USA,65455,42.22487,-121.7817Nacogdoches, TX, USA,65301,31.60351,-94.65549Northfield, MN, USA,65151,44.43167,-93.19144Alamogordo, NM, USA,65082,32.89953,-105.9603Marinette, WI, USA,65012,45.09998,-87.63066Athens, OH, USA,64713,39.32924,-82.10126Ionia, MI, USA,64294,42.98726,-85.07111Clearlake, CA, USA,64184,38.95823,-122.6264Mattoon, IL, USA,64153,39.48152,-88.36836Walla Walla, WA, USA,63829,46.06458,-118.343Somerset, KY, USA,63825,37.09202,-84.60411Hutchinson, KS, USA,63794,38.06084,-97.92977Elizabeth City, NC, USA,63584,36.2946,-76.25105Baraboo, WI, USA,63379,43.4711,-89.74429Enid, OK, USA,63091,36.39559,-97.87839Red Bluff, CA, USA,63067,40.17849,-122.2358Rio Grande City, TX, USA,62955,26.37979,-98.8203Coos Bay, OR, USA,62475,43.3665,-124.2179Lewiston, ID, USA,62196,46.40041,-117.0012Hudson, NY, USA,62122,42.25286,-73.79096Jefferson, GA, USA,61870,34.11705,-83.57239Salina, KS, USA,61820,38.84028,-97.61143Sayre, PA, USA,61784,41.97896,-76.5155Marietta, OH, USA,61213,39.41535,-81.45484Mount Vernon, OH, USA,61167,40.39339,-82.48572Oneonta, NY, USA,61128,42.45286,-75.06377Sturgis, MI, USA,60946,41.79922,-85.41915Georgetown, SC, USA,60773,33.37683,-79.29449Fort Madison, IA, USA,60767,40.62976,-91.31454Shelton, WA, USA,60711,47.2151,-123.1007Albemarle, NC, USA,60600,35.35014,-80.20006Laconia, NH, USA,60305,43.52785,-71.47035Fremont, OH, USA,60179,41.35033,-83.12186Rutland, VT, USA,60086,43.61062,-72.9726Columbus, MS, USA,59730,33.49567,-88.42726Sanford, NC, USA,59662,35.47988,-79.1803Big Stone Gap, VA, USA,59274,36.85864,-82.78325Batavia, NY, USA,59162,42.99812,-78.18752Barre, VT, USA,58998,44.19701,-72.50205Norwalk, OH, USA,58714,41.24255,-82.61573Oxford, NC, USA,58500,36.3107,-78.59084Kinston, NC, USA,58485,35.26266,-77.58163Crossville, TN, USA,57985,35.94896,-85.0269Fergus Falls, MN, USA,57635,46.28352,-96.07779Palestine, TX, USA,57627,31.76212,-95.63079Dublin, GA, USA,57552,32.54044,-82.90376Point Pleasant, WV, USA,57413,38.84452,-82.13709Vicksburg, MS, USA,57063,32.35265,-90.87788Eagle Pass, TX, USA,57023,28.70914,-100.4995Sterling, IL, USA,56876,41.78864,-89.69622Fairmont, WV, USA,56803,39.48508,-80.14258Carlsbad, NM, USA,56395,32.47188,-104.2837Calhoun, GA, USA,56047,34.50259,-84.95106Gaffney, SC, USA,56024,35.07179,-81.64982Tiffin, OH, USA,55669,41.1145,-83.17797Picayune, MS, USA,55224,30.52547,-89.67951Jasper, IN, USA,54969,38.39144,-86.93111Kearney, NE, USA,54868,40.69933,-99.08168Elko, NV, USA,54784,40.83242,-115.7631Carson City, NV, USA,54522,39.1638,-119.7674Waycross, GA, USA,54506,31.21355,-82.35402Milledgeville, GA, USA,54418,33.08014,-83.2321Warrensburg, MO, USA,54362,38.76279,-93.73605Danville, KY, USA,54151,37.64563,-84.77217Gloversville, NY, USA,54105,43.05285,-74.34375Durango, CO, USA,53989,37.27528,-107.8801Sonora, CA, USA,53831,37.98295,-120.3822Oil City, PA, USA,53529,41.43395,-79.70644Fort Leonard Wood, MO, USA,53436,37.72523,-92.16467Ontario, OR, USA,53195,44.025647,-116.963462Morgan City, LA, USA,53162,29.69938,-91.20677Glasgow, KY, USA,53138,36.99588,-85.91192Payson, AZ, USA,53119,34.23087,-111.3251Ashland, OH, USA,53035,40.86867,-82.31821Oxford, MS, USA,52930,34.36649,-89.51925Edwards, CO, USA,52921,39.64499,-106.5942McComb, MS, USA,52687,31.24379,-90.45316Scottsboro, AL, USA,52665,34.67231,-86.03415Athens, TN, USA,52626,35.44285,-84.59299Boone, NC, USA,52560,36.2168,-81.67455Natchez, MS, USA,52203,31.56044,-91.40317Greenville, OH, USA,52196,40.10283,-84.63301Fort Polk South, LA, USA,52132,31.05671,-93.21312Rochelle, IL, USA,52085,41.92392,-89.06871Galesburg, IL, USA,52069,40.94781,-90.37124Saint Marys, GA, USA,52027,30.7479,-81.57061Bartlesville, OK, USA,51937,36.74731,-95.98082Platteville, WI, USA,51829,42.73416,-90.47846Fernley, NV, USA,51789,39.60797,-119.2518Malone, NY, USA,51262,44.84866,-74.2949Winona, MN, USA,51097,44.05539,-91.66635Clovis, NM, USA,50969,34.4048,-103.2052Enterprise, AL, USA,50909,31.31517,-85.85522Rexburg, ID, USA,50905,43.82311,-111.7924Jacksonville, TX, USA,50902,31.96378,-95.27051Mason City, IA, USA,50878,43.15357,-93.20103Kerrville, TX, USA,50562,30.04743,-99.14032Amsterdam, NY, USA,49779,42.93774,-74.19035Paris, TX, USA,49523,33.66094,-95.55551Ozark, AL, USA,49484,31.45906,-85.6405Starkville, MS, USA,49414,33.4504,-88.81839Cortland, NY, USA,49024,42.60118,-76.18048New Castle, IN, USA,48995,39.92894,-85.37025Del Rio, TX, USA,48974,29.37089,-100.8959Greenville, MS, USA,48958,33.39966,-91.0377Sidney, OH, USA,48951,40.28422,-84.1555Ardmore, OK, USA,48821,34.17426,-97.14362Norfolk, NE, USA,48445,42.03272,-97.41376Tahlequah, OK, USA,48341,35.91537,-94.96996Gillette, WY, USA,48320,44.29109,-105.5022Corsicana, TX, USA,48195,32.09543,-96.46887Clinton, IA, USA,48051,41.84447,-90.18874Cadillac, MI, USA,47923,44.25195,-85.40116Kendallville, IN, USA,47618,41.44144,-85.26498Ruston, LA, USA,47617,32.5232,-92.63792Washington, NC, USA,47585,35.54655,-77.05218Gardnerville Ranchos, NV, USA,47536,38.88824,-119.7413Cedar City, UT, USA,47269,37.67748,-113.0619Burlington, IA, USA,47171,40.80765,-91.11289Plymouth, IN, USA,47107,41.34365,-86.30973Pullman, WA, USA,46827,46.72978,-117.1817Nogales, AZ, USA,46695,31.34038,-110.9342Shelbyville, TN, USA,46627,35.48341,-86.46027Lewistown, PA, USA,46552,40.59924,-77.57138Canyon City, CO, USA,46502,38.446926,-105.22575Freeport, IL, USA,46435,42.29668,-89.62122Red Wing, MN, USA,46423,44.56607,-92.53696Newport, OR, USA,46406,44.63678,-124.0535Madisonville, KY, USA,46376,37.3281,-87.49889Bogalusa, LA, USA,46286,30.79102,-89.84869Moultrie, GA, USA,46102,31.17994,-83.78884Shawano, WI, USA,46101,44.78221,-88.60899Mount Sterling, KY, USA,45967,38.05647,-83.94325Wapakoneta, OH, USA,45841,40.56783,-84.19356Hillsdale, MI, USA,45830,41.92005,-84.63051Huntingdon, PA, USA,45750,40.48479,-78.01028Rockingham, NC, USA,45733,34.93932,-79.77395Bedford, IN, USA,45704,38.86116,-86.48721Bemidji, MN, USA,45664,47.48754,-94.88585Bellefontaine, OH, USA,45507,40.36116,-83.75966Ponca City, OK, USA,45478,36.70698,-97.08559Blackfoot, ID, USA,45269,43.19047,-112.345Harrison, AR, USA,45100,36.22979,-93.10767Rock Springs, WY, USA,45010,41.58746,-109.2029Marion, NC, USA,44965,35.68401,-82.00928Thomasville, GA, USA,44959,30.83658,-83.97878Lewisburg, PA, USA,44874,40.96453,-76.88441Rolla, MO, USA,44847,37.94854,-91.77153Bardstown, KY, USA,44812,37.80923,-85.4669McAlester, OK, USA,44626,34.93343,-95.76971Henderson, NC, USA,44614,36.32959,-78.39916Duncan, OK, USA,44493,34.5023,-97.95781Durant, OK, USA,44486,33.99242,-96.39713Menomonie, WI, USA,44305,44.87552,-91.91934Blytheville, AR, USA,44235,35.9273,-89.91898Ottumwa, IA, USA,43993,41.01603,-92.4083Burley, ID, USA,43863,42.53574,-113.7928Cornelia, GA, USA,43752,34.51149,-83.52711Seymour, IN, USA,43705,38.95922,-85.89025Paragould, AR, USA,43694,36.0584,-90.49733Coldwater, MI, USA,43545,41.94033,-85.00052Big Rapids, MI, USA,43186,43.69808,-85.48366Poplar Bluff, MO, USA,42972,36.757,-90.39289Muscatine, IA, USA,42903,41.42447,-91.04321Douglas, GA, USA,42811,31.50881,-82.84987Bradford, PA, USA,42554,41.9565,-78.64916Ellensburg, WA, USA,42522,46.99651,-120.5478Bucyrus, OH, USA,42480,40.80839,-82.97546Aberdeen, SD, USA,42391,45.4647,-98.48648Auburn, IN, USA,42383,41.36699,-85.05886Willmar, MN, USA,42285,45.12237,-95.04866Pahrump, NV, USA,42282,36.20829,-115.9839Lawrenceburg, TN, USA,42274,35.2423,-87.33474Sedalia, MO, USA,42225,38.70446,-93.22826Wilmington, OH, USA,41835,39.44534,-83.82854Selma, AL, USA,41711,32.40736,-87.0211Greenwood, MS, USA,41676,33.51623,-90.17953Alma, MI, USA,41665,43.37892,-84.65973Sandpoint, ID, USA,41585,48.27658,-116.5535Alice, TX, USA,41353,27.75225,-98.06973El Campo, TX, USA,41168,29.19664,-96.26968Port Clinton, OH, USA,41154,41.512,-82.93769Cedartown, GA, USA,41133,34.01127,-85.25658Garden City, KS, USA,41099,37.97169,-100.8727Cullowhee, NC, USA,40981,35.31371,-83.17654Montrose, CO, USA,40873,38.47832,-107.8762Marshalltown, IA, USA,40866,42.04947,-92.90804Mountain Home, AR, USA,40857,36.3354,-92.38135Celina, OH, USA,40831,40.54893,-84.57024Tifton, GA, USA,40704,31.45046,-83.5085Riverton, WY, USA,40703,43.02496,-108.3801Warren, PA, USA,40703,41.84395,-79.14504Selinsgrove, PA, USA,40323,40.79897,-76.86219El Dorado, AR, USA,40227,33.20763,-92.66627West Plains, MO, USA,40173,36.72812,-91.85237Stephenville, TX, USA,40147,32.2207,-98.20226Jacksonville, IL, USA,40133,39.73394,-90.22901McMinnville, TN, USA,39969,35.68659,-85.78014Espaí±ola, NM, USA,39777,35.99104,-106.0818Lock Haven, PA, USA,39745,41.13701,-77.44693Cambridge, OH, USA,39590,40.03118,-81.58846Austin, MN, USA,39323,43.66663,-92.97464Pittsburg, KS, USA,39290,37.41088,-94.70496Kill Devil Hills, NC, USA,39219,36.03072,-75.67601Hannibal, MO, USA,39175,39.70838,-91.35848Natchitoches, LA, USA,39166,31.76072,-93.08627Okeechobee, FL, USA,39149,27.24393,-80.82978Urbana, OH, USA,39128,40.10839,-83.75243Summit Park, UT, USA,39105,40.74578,-111.6116Sikeston, MO, USA,38903,36.87672,-89.58786Gainesville, TX, USA,38761,33.62594,-97.13335Houghton, MI, USA,38712,47.12113,-88.56942Centralia, IL, USA,38571,38.52852,-89.13169Mount Vernon, IL, USA,38534,38.31727,-88.90312Scottsbluff, NE, USA,38532,41.86663,-103.6672Defiance, OH, USA,38510,41.28449,-84.35578Clewiston, FL, USA,38505,26.75423,-80.93368Logansport, IN, USA,38438,40.75449,-86.35667Moscow, ID, USA,38411,46.73239,-117.0002Sault Ste. Marie, MI, USA,38321,46.4953,-84.34531Murray, KY, USA,38282,36.61033,-88.31476Crawfordsville, IN, USA,38146,40.04115,-86.87445Ada, OK, USA,38005,34.77453,-96.67834Safford, AZ, USA,37957,32.83395,-109.7076Big Spring, TX, USA,37942,32.2504,-101.4787Vincennes, IN, USA,37938,38.67727,-87.52863Dyersburg, TN, USA,37935,36.03452,-89.38563Pontiac, IL, USA,37903,40.88087,-88.62978Laramie, WY, USA,37811,41.31137,-105.5911Newberry, SC, USA,37783,34.27458,-81.61872Berlin, NH, USA,37778,44.46867,-71.18507Brownwood, TX, USA,37653,31.70932,-98.99116Easton, MD, USA,37643,38.77428,-76.07633Mayfield, KY, USA,37618,36.74172,-88.63672Astoria, OR, USA,37474,46.18789,-123.8313Corinth, MS, USA,37380,34.93425,-88.52227Union City, TN, USA,37206,36.42423,-89.05701North Platte, NE, USA,37063,41.14027,-100.7601Batesville, AR, USA,36959,35.7698,-91.64097Fort Dodge, IA, USA,36955,42.49747,-94.16801Newton, IA, USA,36872,41.70332,-93.05735Vernal, UT, USA,36867,40.45552,-109.5287Alexandria, MN, USA,36790,45.88482,-95.37766Fremont, NE, USA,36744,41.43339,-96.49815Junction City, KS, USA,36713,39.02861,-96.8314Huntington, IN, USA,36706,40.8831,-85.49747Owatonna, MN, USA,36573,44.08556,-93.22594Escanaba, MI, USA,36559,45.74525,-87.06458Bay City, TX, USA,36519,28.98276,-95.9694Coshocton, OH, USA,36516,40.27201,-81.85957Bennington, VT, USA,36445,42.87814,-73.19678Americus, GA, USA,36395,32.07239,-84.23269Vidalia, GA, USA,36273,32.21769,-82.41346DeRidder, LA, USA,36198,30.84631,-93.28905Canton, IL, USA,36007,40.55809,-90.03512Arkansas City, KS, USA,35963,37.068523,-97.042836Peru, IN, USA,35954,40.75365,-86.06888Sulphur Springs, TX, USA,35921,33.13845,-95.60107Hutchinson, MN, USA,35882,44.89255,-94.36929Laurinburg, NC, USA,35576,34.77405,-79.46282Lebanon, MO, USA,35439,37.6806,-92.66379Newport, TN, USA,35374,35.96704,-83.18766Logan, WV, USA,35348,37.84871,-81.99346Arcadia, FL, USA,35012,27.21588,-81.85841Seneca Falls, NY, USA,34884,42.91062,-76.79662Dodge City, KS, USA,34795,37.7528,-100.0171Decatur, IN, USA,34791,40.8306,-84.92913Brookhaven, MS, USA,34775,31.57906,-90.44065Dixon, IL, USA,34735,41.83892,-89.47955Plainview, TX, USA,34720,34.1848,-101.7068Butte, MT, USA,34680,46.00382,-112.5348Brenham, TX, USA,34438,30.16688,-96.39774Martin, TN, USA,34373,36.3434,-88.85033Effingham, IL, USA,34320,39.12004,-88.54338Angola, IN, USA,34308,41.63477,-84.99941Valley, AL, USA,34076,32.81874,-85.17938Coffeyville, KS, USA,34065,37.0373,-95.61636Taylorville, IL, USA,33892,39.54893,-89.29453Cleveland, MS, USA,33768,33.744,-90.72482Troy, AL, USA,33389,31.80877,-85.96995Malvern, AR, USA,33368,34.36232,-92.81294Brookings, SD, USA,33314,44.31136,-96.79839Jackson, WY, USA,33271,43.47993,-110.7624Emporia, KS, USA,33212,38.4039,-96.18166Taos, NM, USA,33084,36.40725,-105.5731Brevard, NC, USA,33045,35.23345,-82.73429Beeville, TX, USA,32863,28.40083,-97.74833Frankfort, IN, USA,32776,40.27948,-86.51083Jackson, OH, USA,32748,39.05202,-82.63655Washington, IN, USA,32729,38.65921,-87.17279Columbus, NE, USA,32666,41.4303,-97.35939Dayton, TN, USA,32641,35.49396,-85.01245Kingsville, TX, USA,32590,27.51587,-97.85611Cambridge, MD, USA,32578,38.56318,-76.07883Mount Pleasant, TX, USA,32506,33.15679,-94.96827Madison, IN, USA,32494,38.73589,-85.37996Wabash, IN, USA,32252,40.79782,-85.82054Paris, TN, USA,32204,36.302,-88.32671Williston, ND, USA,32130,48.14697,-103.618Miami, OK, USA,32105,36.87452,-94.87746Macomb, IL, USA,31880,40.45921,-90.6718Susanville, CA, USA,31749,40.41628,-120.653Hastings, NE, USA,31457,40.58626,-98.38987Kennett, MO, USA,31344,36.23618,-90.05565Lewisburg, TN, USA,31269,35.44924,-86.78889Albert Lea, MN, USA,30840,43.6478,-93.36865Iron Mountain, MI, USA,30438,45.82023,-88.06596Dickinson, ND, USA,30372,46.87918,-102.7896Sheridan, WY, USA,30032,44.7972,-106.9562Camden, AR, USA,30030,33.58456,-92.83433Kirksville, MO, USA,29972,40.19476,-92.58325Jesup, GA, USA,29949,31.60744,-81.88539Lincoln, IL, USA,29746,40.14838,-89.36481Weatherford, OK, USA,29500,35.52617,-98.70757Elkins, WV, USA,29429,38.92594,-79.84673Breckenridge, CO, USA,29404,39.48166,-106.0384McPherson, KS, USA,29241,38.37084,-97.66421Silver City, NM, USA,29096,32.77008,-108.2803Hays, KS, USA,29013,38.87918,-99.32677Alpena, MI, USA,28988,45.06168,-83.43275Ludington, MI, USA,28824,43.95528,-86.45258Washington Court House, OH, USA,28800,39.53645,-83.43909Merrill, WI, USA,28493,45.18052,-89.68346Van Wert, OH, USA,28462,40.86949,-84.58412Fort Morgan, CO, USA,28328,40.25026,-103.7999Las Vegas, NM, USA,28239,35.59422,-105.2228Mineral Wells, TX, USA,28096,32.80846,-98.11282North Vernon, IN, USA,28000,39.00616,-85.62358Watertown, SD, USA,27938,44.89941,-97.11507Bennettsville, SC, USA,27924,34.61738,-79.68478Hailey, ID, USA,27837,43.51963,-114.3153Middlesboro, KY, USA,27778,36.60726,-83.71429Heber City, UT, USA,27714,40.50701,-111.4133Indianola, MS, USA,27496,33.45095,-90.65509Wauchula, FL, USA,27469,27.54726,-81.81147Great Bend, KS, USA,27385,38.36446,-98.76481Grants, NM, USA,27349,35.14726,-107.8514Bainbridge, GA, USA,27220,30.9038,-84.57547Crescent City, CA, USA,27212,41.75575,-124.2026Uvalde, TX, USA,27117,29.20968,-99.78617Forrest City, AR, USA,26899,35.00815,-90.78983Bastrop, LA, USA,26760,32.75624,-91.87235Greensburg, IN, USA,26524,39.33727,-85.48358Boone, IA, USA,26433,42.0597,-93.88023Thomaston, GA, USA,26256,32.88819,-84.32658Mountain Home, ID, USA,26094,43.13295,-115.6912Lexington, NE, USA,26066,40.78084,-99.7415Altus, OK, USA,25998,34.63776,-99.33405Mexico, MO, USA,25887,39.17307,-91.88727La Grande, OR, USA,25691,45.32458,-118.0877Marshall, MN, USA,25665,44.44842,-95.79119Ottawa, KS, USA,25611,38.61577,-95.26864Fredericksburg, TX, USA,25520,30.2752,-98.87199The Dalles, OR, USA,25515,45.59457,-121.1787Toccoa, GA, USA,25480,34.57732,-83.33238New Ulm, MN, USA,25292,44.31444,-94.4593Campbellsville, KY, USA,25257,37.3434,-85.3419Moberly, MO, USA,25072,39.41837,-92.43824Summerville, GA, USA,24939,34.48064,-85.34773Clarksdale, MS, USA,24807,34.20011,-90.57093Deming, NM, USA,24673,32.2687,-107.7586Spearfish, SD, USA,24657,44.49082,-103.8594Fallon, NV, USA,23989,39.47487,-118.777Magnolia, AR, USA,23933,33.26707,-93.23933Steamboat Springs, CO, USA,23865,40.48498,-106.8317Elk City, OK, USA,23691,35.41199,-99.40426Levelland, TX, USA,23577,33.58731,-102.378Connersville, IN, USA,23468,39.64116,-85.14108Liberal, KS, USA,23465,37.04308,-100.921Marshall, MO, USA,23347,39.12308,-93.19687Mitchell, SD, USA,23304,43.70943,-98.0298Maryville, MO, USA,23081,40.3461,-94.87247Pampa, TX, USA,23044,35.53616,-100.9599Cordele, GA, USA,22934,31.96351,-83.78239Wahpeton, ND, USA,22927,46.26524,-96.6059Hood River, OR, USA,22885,45.70539,-121.5215Yankton, SD, USA,22684,42.87111,-97.39728Arkadelphia, AR, USA,22576,34.12093,-93.05379Sterling, CO, USA,22524,40.62554,-103.2077Oskaloosa, IA, USA,22370,41.29167,-92.64936Brookings, OR, USA,22335,42.05261,-124.284Dumas, TX, USA,22148,35.86538,-101.9732Pierre, SD, USA,22063,44.36832,-100.351Raymondville, TX, USA,21903,26.48146,-97.78305Guymon, OK, USA,21853,36.6828,-101.4816Port Lavaca, TX, USA,21797,28.615,-96.62609Borger, TX, USA,21773,35.66782,-101.3974Grenada, MS, USA,21666,33.769,-89.80842Beatrice, NE, USA,21663,40.26593,-96.74669Worthington, MN, USA,21590,43.6211,-95.59415Woodward, OK, USA,21529,36.43365,-99.39039Jamestown, ND, USA,21129,46.91055,-98.70844Prineville, OR, USA,20998,44.29985,-120.8345Parsons, KS, USA,20960,37.34034,-95.26109Evanston, WY, USA,20904,41.26828,-110.9632Price, UT, USA,20660,39.59941,-110.8107Storm Lake, IA, USA,20578,42.64304,-95.20194Helena-West Helena, AR, USA,19930,34.5291,-90.59Portales, NM, USA,19536,34.18619,-103.3344Hereford, TX, USA,19195,34.81506,-102.3977Othello, WA, USA,19179,46.82597,-119.1753Huron, SD, USA,18169,44.36332,-98.21426Los Alamos, NM, USA,17682,35.88004,-106.3031Andrews, TX, USA,17477,32.31871,-102.5457Fitzgerald, GA, USA,17464,31.71491,-83.25266Vineyard Haven, MA, USA,17356,41.555192,-70.610854Snyder, TX, USA,17328,32.71789,-100.9176Fairfield, IA, USA,17325,41.00761,-91.96369Winnemucca, NV, USA,17279,40.97296,-117.7357Maysville, KY, USA,17166,38.64119,-83.74436Spirit Lake, IA, USA,16935,43.42262,-95.10223Spencer, IA, USA,16515,43.14507,-95.14432Atchison, KS, USA,16513,39.56305,-95.12164Sweetwater, TX, USA,15093,32.47095,-100.4059Pecos, TX, USA,14349,31.42291,-103.4932Zapata, TX, USA,14319,26.90726,-99.27142Vermillion, SD, USA,13932,42.77944,-96.92921Lamesa, TX, USA,13372,32.7376,-101.951Vernon, TX, USA,12973,34.15453,-99.26508Craig, CO, USA,12928,40.51525,-107.5465